{"cameraMode":{"drawMode":0,"name":"Shaded","section":"Shading Mode"},"sceneLighting":true,"audioPlay":false,"sceneViewState":{"showFog":false,"showMaterialUpdate":true,"showSkybox":true,"showFlares":true,"showImageEffects":true,"showParticleSystems":true},"in2DMode":false,"pivot":{"x":3.791494846343994,"y":0.8968643546104431,"z":13.560554504394532},"rotation":{"x":-0.12147291749715805,"y":0.07287943363189697,"z":-0.00896642729640007,"w":-0.9898750185966492},"size":37.30939483642578,"orthographic":false}