{"cameraMode":{"drawMode":0,"name":"Shaded","section":"Shading Mode"},"sceneLighting":true,"audioPlay":false,"sceneViewState":{"showFog":false,"showMaterialUpdate":true,"showSkybox":true,"showFlares":true,"showImageEffects":true,"showParticleSystems":true},"in2DMode":false,"pivot":{"x":7.186281681060791,"y":1.0151968002319337,"z":8.734132766723633},"rotation":{"x":-0.1577557772397995,"y":-0.37734442949295046,"z":0.06537625938653946,"w":-0.9101924300193787},"size":45.00061798095703,"orthographic":false}